Transaction Date,Posted Date,Card No.,Description,Category,Debit,Credit
2026-09-28,2026-09-29,1234,CAMPUS COFFEE CO,Dining,4.75,
2026-09-27,2026-09-28,1234,"BOOKS, SUPPLIES & MORE",Merchandise,62.10,
2026-09-26,2026-09-27,1234,STREAMFLIX MONTHLY,Entertainment,15.49,
2026-09-25,2026-09-26,5678,FRESH MART GROCERY #212,Groceries,48.33,
2026-09-24,2026-09-24,1234,CAPITAL ONE AUTOPAY PYMT,Payment/Credit,,250.00
2026-09-22,2026-09-23,1234,CAMPUS COFFEE CO,Dining,4.75,
2026-09-22,2026-09-23,1234,CAMPUS COFFEE CO,Dining,4.75,
2026-09-20,2026-09-21,1234,ONLINE MARKETPLACE RETURN,Merchandise,,23.99
2026-09-18,2026-09-19,1234,RIDESHARE TRIP,Other Travel,12.40,
2026-09-15,2026-09-16,5678,PIZZA PALACE,Dining,18.20,


