Date,Description,Amount,Extended Details,Appears On Your Statement As,Address,City/State,Zip Code,Country,Reference,Category
10/28/2026,CAMPUS COFFEE CO,4.75,"CAMPUS COFFEE CO 0000123 CHAPEL HILL NC FOOD AND BEVERAGE SERVICES",CAMPUS COFFEE CO,100 MAIN ST,"CHAPEL HILL
NC",27514,UNITED STATES,320261000000001,Restaurant-Restaurant
10/27/2026,BOOKSTORE ONLINE,62.10,"BOOKSTORE ONLINE 0000456 SEATTLE WA BOOKS AND SUPPLIES MERCHANDISE",BOOKSTORE ONLINE,1 INTERNET WAY,"SEATTLE
WA",98101,UNITED STATES,320261000000002,Merchandise & Supplies-Internet Purchase
10/25/2026,FRESH MART #212,48.33,"FRESH MART 212 GROCERY STORE CHAPEL HILL NC SUPERMARKETS",FRESH MART #212,200 FRANKLIN ST,"CHAPEL HILL
NC",27516,UNITED STATES,320261000000003,Merchandise & Supplies-Groceries
10/24/2026,AUTOPAY PAYMENT - THANK YOU,-250.00,"AUTOPAY PAYMENT RECEIVED THANK YOU",AUTOPAY PAYMENT - THANK YOU,,,,,320261000000004,
10/22/2026,STREAMFLIX,15.49,"STREAMFLIX.COM STREAMING SUBSCRIPTION LOS GATOS CA ENTERTAINMENT",STREAMFLIX,5 MOVIE BLVD,"LOS GATOS
CA",95032,UNITED STATES,320261000000005,Entertainment-Associations
10/18/2026,RIDESHARE TRIP,12.40,"RIDESHARE TECHNOLOGIES TRIP HELP.RIDESHARE.COM CA TRANSPORTATION",RIDESHARE TRIP,9 MARKET ST,"SAN FRANCISCO
CA",94103,UNITED STATES,320261000000006,Transportation-Taxis & Coach
